rank,track,team,run_id,bt_rating,ci_low_95,ci_high_95,n_battles
1,en,jayi2525,SaLT_task4_KimiCSF,1257,1215,1308,344
2,en,jayi2525,SaLT_task4_KimiPlain,1225,1187,1286,296
3,en,jayi2525,SaLT_task4_HumorGen14B,1168,1128,1200,333
4,en,jayi2525,SaLT_task4_HumorGen32B,1135,1097,1174,325
5,en,arampageos,DUTH_Task4_EN_BEST984_PLUS_TRAINSEL_TOP1_B12_04,1127,1055,1184,142
6,en,liana87,UBO_task3_gemini-3_pun,1125,1084,1168,326
7,en,arampageos,DUTH_Task4_EN_BEST984_DROP_ID_het_1195,1112,1049,1202,115
8,en,arampageos,DUTH_Task4_EN_BEST984_DROP_PATCH_BUCKET_05,1107,1025,1186,110
9,en,arampageos,DUTH_Task4_EN_BEST984_DROP_PATCH_BUCKET_04,1105,1034,1171,126
10,en,arampageos,DUTH_Task4_EN_BEST984_DROP_ID_mots_1479,1097,1020,1169,123
11,en,arampageos,DUTH_Task4_EN_BEST984_PLUS_BASE_SAFE_B12_00,1097,1035,1166,121
12,en,arampageos,DUTH_Task4_EN_BEST984_DROP_PATCH_BUCKET_02,1092,1020,1147,117
13,en,arampageos,DUTH_Task4_EN_LEAK12_DROP_R01_hom_1991,1090,1030,1152,128
14,en,arampageos,DUTH_Task4_EN_BEST984_DROP_PATCH_BUCKET_06,1088,1016,1153,111
15,en,arampageos,DUTH_Task4_EN_QWEN14_EN_XID_TOP8,1088,1018,1151,116
16,en,arampageos,DUTH_Task4_EN_BEST984_CONFIRM,1087,1026,1159,111
17,en,arampageos,DUTH_Task4_EN_BEST984_DROP_ID_mots_0083,1084,1019,1159,123
18,en,arampageos,DUTH_Task4_EN_BEST984_PLUS_TRAINSEL_TOP1_B12_00,1079,1019,1148,127
19,en,arampageos,DUTH_Task4_EN_BEST1019_DROP_SUB03,1076,1016,1145,124
20,en,arampageos,DUTH_Task4_EN_QWEN14_EN_XID_TOP1,1070,1004,1135,106
21,en,arampageos,DUTH_Task4_EN_BEST1019_DROP_SUB00,1069,1008,1153,121
22,en,arampageos,DUTH_Task4_EN_FROM8100_TOP5,1069,1003,1142,126
23,en,arampageos,DUTH_Task4_EN_LEAK_TOP13,1067,993,1146,104
24,en,arampageos,DUTH_Task4_EN_LEAK_NOR1_DROP_R02,1066,1004,1130,122
25,en,arampageos,DUTH_Task4_EN_BEST984_DROP_ID_hom_1803,1066,1006,1147,102
26,en,arampageos,DUTH_Task4_EN_LEAK12_DROP_R02_hom_1803,1065,1007,1124,123
27,en,arampageos,DUTH_Task4_EN_BEST984_DROP_ID_mots_0535,1063,1002,1123,120
28,en,arampageos,DUTH_Task4_EN_WEIGHTPOOL_TOP1,1063,994,1147,117
29,en,arampageos,DUTH_Task4_EN_BEST984_DROP_ID_het_1780,1061,992,1153,106
30,en,arampageos,DUTH_Task4_EN_GOOGLE_XID_TOP3,1060,977,1139,114
31,en,arampageos,DUTH_Task4_EN_BEST984_DROP_PATCH_BUCKET_07,1057,986,1123,117
32,en,arampageos,DUTH_Task4_EN_LEAK_NOR1_TOP14,1057,991,1148,108
33,en,arampageos,DUTH_Task4_EN_BEST1019_PLUS_TRAINSEL_TOP1_B12_06,1055,984,1118,117
34,en,arampageos,DUTH_Task4_EN_FROM8100_TOP1,1054,986,1109,126
35,en,arampageos,DUTH_Task4_EN_BEST984_DROP_ID_mots_0027,1051,973,1141,104
36,en,arampageos,DUTH_Task4_EN_BEST1019_CONFIRM,1048,965,1110,127
37,en,arampageos,DUTH_Task4_EN_FROM8100_TOP2,1048,973,1124,114
38,en,arampageos,DUTH_Task4_gemma29bit_EN_balanced,1048,984,1112,115
39,en,arampageos,DUTH_Task4_EN_LEAK_NOR1_TOP20,1047,996,1111,141
40,en,arampageos,DUTH_Task4_EN_QWEN14_EN_XID_TOP2,1047,985,1108,149
41,en,arampageos,DUTH_Task4_EN_BEST1019_PLUS_TRAINSEL_TOP1_B12_00,1046,998,1101,140
42,en,arampageos,DUTH_Task4_EN_BEST984_DROP_ID_mots_1263,1044,991,1125,106
43,en,arampageos,DUTH_Task4_EN_BEST984_PLUS_TRAINSEL_TOP1_B12_01,1038,981,1107,141
44,en,arampageos,DUTH_Task4_EN_BEST984_DROP_ID_hom_1573,1037,965,1125,97
45,en,arampageos,DUTH_Task4_EN_BEST984_PLUS_TRAINSEL_TOP1_B12_02,1036,982,1099,133
46,en,arampageos,DUTH_Task4_EN_LEAK12_DROP_R11_mots_1945,1035,972,1094,117
47,en,arampageos,DUTH_Task4_EN_QWEN14_EN_START_SAMPLE10,1032,999,1062,365
48,en,arampageos,DUTH_Task4_EN_BEST984_DROP_PATCH_BUCKET_00,1031,961,1118,121
49,en,arampageos,DUTH_Task4_EN_WEIGHTPOOL_TOP5,1026,965,1088,135
50,en,arampageos,DUTH_Task4_EN_GOOGLE_XID_TOP2,1026,961,1078,128
51,en,arampageos,DUTH_Task4_EN_BEST1019_DROP_SUB02,1023,949,1085,120
52,en,arampageos,DUTH_Task4_EN_BEST984_PLUS_TRAINSEL_TOP1_B12_05,1023,956,1090,126
53,en,arampageos,DUTH_Task4_EN_QWEN14_EN_XID_TOP5,1017,935,1108,107
54,en,arampageos,DUTH_Task4_EN_LEAK_TOP8,1014,969,1062,156
55,en,arampageos,DUTH_Task4_EN_BEST1019_PLUS_TRAINSEL_TOP1_B12_04,1013,954,1083,138
56,en,arampageos,DUTH_Task4_EN_LEAK_TOP20,1013,947,1076,145
57,en,arampageos,DUTH_Task4_EN_LEAK12_DROP_R07_mots_1783,1013,919,1110,96
58,en,arampageos,DUTH_Task4_EN_LEAK_NOR1_TOP25,1012,952,1078,123
59,en,arampageos,DUTH_Task4_EN_BEST1019_PLUS_TRAINSEL_TOP1_B12_09,1012,952,1082,127
60,en,arampageos,DUTH_Task4_EN_QWEN14_EN_XID_TOP3,1012,957,1067,136
61,en,arampageos,DUTH_Task4_EN_BEST1019_DROP_SUB05,1012,944,1076,121
62,en,arampageos,DUTH_Task4_EN_GOOGLE_XID_TOP1,1007,938,1080,128
63,en,arampageos,DUTH_Task4_EN_QWEN14_EN_START_SAMPLE07,1003,964,1040,320
64,en,arampageos,DUTH_Task4_EN_BEST1019_PLUS_TRAINSEL_TOP1_B12_05,999,945,1057,156
65,en,arampageos,DUTH_Task4_EN_LEAK_TOP12,998,908,1062,105
66,en,arampageos,DUTH_Task4_EN_WEIGHTPOOL_TOP8,997,920,1061,120
67,en,arampageos,DUTH_Task4_EN_BUCKET_CAND_00,996,947,1047,149
68,en,arampageos,DUTH_Task4_EN_FROM8100_TOP12,996,942,1052,139
69,en,arampageos,DUTH_Task4_EN_LEAK_TOP1,996,938,1046,115
70,en,arampageos,DUTH_Task4_EN_BEST984_PLUS_TRAINSEL_TOP1_B12_03,996,938,1060,153
71,en,liana87,UBO_task3__qwen_pun,995,953,1039,299
72,en,arampageos,DUTH_Task4_EN_BEST1019_PLUS_TRAINSEL_TOP1_B12_10,989,934,1057,155
73,en,arampageos,DUTH_Task4_EN_BEST1019_DROP_SUB04,985,938,1045,134
74,en,ezrasmink,UAms_task4_Qwen2.5-32B-Instruct,984,938,1025,316
75,en,arampageos,DUTH_Task4_EN_BEST984_PLUS_TRAINSEL_TOP1_B12_07,979,927,1031,119
76,en,arampageos,DUTH_Task4_EN_BEST984_PLUS_TRAINSEL_TOP1_B12_06,976,897,1044,85
77,en,arampageos,DUTH_Task4_EN_BEST1019_DROP_SUB01,964,888,1007,150
78,en,arampageos,DUTH_Task4_EN_BUCKET_CAND_08,942,898,993,164
79,en,arampageos,DUTH_Task4_EN_BEST1019_PLUS_TRAINSEL_TOP1_B12_08,942,884,993,158
80,en,arampageos,DUTH_Task4_EN_QWEN14_EN_START_SELECTOR_ALL,937,902,975,327
81,en,ezrasmink,UAms_task4_Qwen2.5-14B-Instruct,927,882,959,341
82,en,arampageos,DUTH_Task4_BASELINE_EN_SAFE,924,881,967,304
83,en,arampageos,DUTH_Task4_EN_TRAINSEL_TOP12,923,877,959,328
84,en,ezrasmink,UAms_task4_Mistral-7B-Instruct-v0.2,922,882,952,341
85,en,arampageos,DUTH_Task4_EN_TRAINSEL_TOP1,913,875,952,318
86,en,arampageos,DUTH_Task4_EN_TRAINSEL_TOP5,907,864,943,326
87,en,liana87,UBO_task3_mistral_pun,903,869,937,343
88,en,arampageos,DUTH_Task4_EN_TRAINSEL_BUCKET_00,902,863,939,310
89,en,liana87,UBO_task3_gemma_pun,895,851,929,360
90,en,arampageos,DUTH_Task4_EN_TRAINSEL_TOP40,891,844,928,267
91,en,arampageos,DUTH_Task4_BASELINE_EN_TOP80,851,808,891,302
92,en,liana87,UBO_task3_llama_pun,816,765,858,316
93,en,zero0,UAms_Task4_Gemma2_B,734,658,774,312
94,en,zero0,UAms_Task4_Gemma2_A,727,678,773,301
95,en,zero0,UAms_Task4_T5ptft,591,528,634,340
96,en,ezrasmink,UAms_task4_flan-t5-large,549,469,607,326
97,en,zero0,UAms_Task4_T5ft,541,467,612,351
98,en,ezrasmink,UAms_task4_flan-t5-base,422,328,466,327
